gene,TF-Category,TF-Classification,TF-Family,TF-Family2
Solyc02g092050.3,TF,AP2/ERF->AP2/ERF-AP2,AP2/ERF-AP2,SLAP2_1
Solyc04g077490.3,TF,AP2/ERF->AP2/ERF-AP2,AP2/ERF-AP2,SLAP2_2
Solyc05g051380.4,TF,AP2/ERF->AP2/ERF-AP2,AP2/ERF-AP2,SLAP2_3
Solyc01g096860.3,TF,AP2/ERF->AP2/ERF-AP2,AP2/ERF-AP2,SLAP2_4
Solyc11g010710.2,TF,AP2/ERF->AP2/ERF-AP2,AP2/ERF-AP2,SLAP2_5
Solyc02g064960.3,TF,AP2/ERF->AP2/ERF-AP2,AP2/ERF-AP2,SLAP2_6
Solyc06g075510.4,TF,AP2/ERF->AP2/ERF-AP2,AP2/ERF-AP2,SLAP2_7
Solyc05g051180.3,TF,AP2/ERF->AP2/ERF-ERF,AP2/ERF-ERF,SLAP2_8
Solyc08g007820.1,TF,AP2/ERF->AP2/ERF-ERF,AP2/ERF-ERF,SLAP2_9
Solyc03g026270.3,TF,AP2/ERF->AP2/ERF-ERF,AP2/ERF-ERF,SLAP2_10
Solyc03g093540.1,TF,AP2/ERF->AP2/ERF-ERF,AP2/ERF-ERF,SLAP2_11
Solyc03g093550.1,TF,AP2/ERF->AP2/ERF-ERF,AP2/ERF-ERF,SLAP2_12
Solyc03g093560.1,TF,AP2/ERF->AP2/ERF-ERF,AP2/ERF-ERF,SLAP2_13
Solyc04g007170.3,TF,AP2/ERF->AP2/ERF-ERF,AP2/ERF-ERF,SLAP2_14
Solyc05g051200.1,TF,AP2/ERF->AP2/ERF-ERF,AP2/ERF-ERF,SLAP2_15
Solyc05g052030.1,TF,AP2/ERF->AP2/ERF-ERF,AP2/ERF-ERF,SLAP2_16
Solyc05g052040.1,TF,AP2/ERF->AP2/ERF-ERF,AP2/ERF-ERF,SLAP2_17
Solyc05g052050.1,TF,AP2/ERF->AP2/ERF-ERF,AP2/ERF-ERF,SLAP2_18
Solyc06g063070.3,TF,AP2/ERF->AP2/ERF-ERF,AP2/ERF-ERF,SLAP2_19
Solyc06g068570.4,TF,AP2/ERF->AP2/ERF-ERF,AP2/ERF-ERF,SLAP2_20
Solyc08g078190.2,TF,AP2/ERF->AP2/ERF-ERF,AP2/ERF-ERF,SLAP2_21
Solyc09g075420.3,TF,AP2/ERF->AP2/ERF-ERF,AP2/ERF-ERF,SLAP2_22
Solyc10g009110.1,TF,AP2/ERF->AP2/ERF-ERF,AP2/ERF-ERF,SLAP2_23
Solyc04g014530.1,TF,AP2/ERF->AP2/ERF-ERF,AP2/ERF-ERF,SLAP2_24
Solyc01g067540.2,TF,AP2/ERF->AP2/ERF-ERF,AP2/ERF-ERF,SLAP2_25
Solyc06g051840.1,TF,AP2/ERF->AP2/ERF-ERF,AP2/ERF-ERF,SLAP2_26
Solyc08g066660.1,TF,AP2/ERF->AP2/ERF-ERF,AP2/ERF-ERF,SLAP2_27
Solyc03g007460.3,TF,AP2/ERF->AP2/ERF-ERF,AP2/ERF-ERF,SLAP2_28
Solyc03g118190.4,TF,AP2/ERF->AP2/ERF-ERF,AP2/ERF-ERF,SLAP2_29
Solyc06g035700.1,TF,AP2/ERF->AP2/ERF-ERF,AP2/ERF-ERF,SLAP2_30
Solyc06g066540.1,TF,AP2/ERF->AP2/ERF-ERF,AP2/ERF-ERF,SLAP2_31
Solyc06g068360.3,TF,AP2/ERF->AP2/ERF-ERF,AP2/ERF-ERF,SLAP2_32
Solyc06g068830.2,TF,AP2/ERF->AP2/ERF-ERF,AP2/ERF-ERF,SLAP2_33
Solyc08g082210.4,TF,AP2/ERF->AP2/ERF-ERF,AP2/ERF-ERF,SLAP2_34
Solyc12g008350.3,TF,AP2/ERF->AP2/ERF-ERF,AP2/ERF-ERF,SLAP2_35
Solyc01g095500.3,TF,AP2/ERF->AP2/ERF-ERF,AP2/ERF-ERF,SLAP2_36
Solyc03g093610.1,TF,AP2/ERF->AP2/ERF-ERF,AP2/ERF-ERF,SLAP2_37
Solyc01g090340.3,TF,AP2/ERF->AP2/ERF-ERF,AP2/ERF-ERF,SLAP2_38
Solyc01g090560.4,TF,AP2/ERF->AP2/ERF-ERF,AP2/ERF-ERF,SLAP2_39
Solyc03g117130.3,TF,AP2/ERF->AP2/ERF-ERF,AP2/ERF-ERF,SLAP2_40
Solyc03g123500.4,TF,AP2/ERF->AP2/ERF-ERF,AP2/ERF-ERF,SLAP2_41
Solyc07g054220.1,TF,AP2/ERF->AP2/ERF-ERF,AP2/ERF-ERF,SLAP2_42
Solyc08g080290.4,TF,AP2/ERF->AP2/ERF-ERF,AP2/ERF-ERF,SLAP2_43
Solyc09g007260.4,TF,AP2/ERF->AP2/ERF-ERF,AP2/ERF-ERF,SLAP2_44
Solyc12g042210.2,TF,AP2/ERF->AP2/ERF-ERF,AP2/ERF-ERF,SLAP2_45
Solyc04g054910.4,TF,AP2/ERF->AP2/ERF-ERF,AP2/ERF-ERF,SLAP2_46
Solyc04g072900.1,TF,AP2/ERF->AP2/ERF-ERF,AP2/ERF-ERF,SLAP2_47
Solyc06g082590.1,TF,AP2/ERF->AP2/ERF-ERF,AP2/ERF-ERF,SLAP2_48
Solyc01g065980.4,TF,AP2/ERF->AP2/ERF-ERF,AP2/ERF-ERF,SLAP2_49
Solyc02g077840.2,TF,AP2/ERF->AP2/ERF-ERF,AP2/ERF-ERF,SLAP2_50
Solyc03g006320.1,TF,AP2/ERF->AP2/ERF-ERF,AP2/ERF-ERF,SLAP2_51
Solyc03g026280.3,TF,AP2/ERF->AP2/ERF-ERF,AP2/ERF-ERF,SLAP2_52
Solyc03g123430.4,TF,AP2/ERF->AP2/ERF-ERF,AP2/ERF-ERF,SLAP2_53
Solyc04g012050.3,TF,AP2/ERF->AP2/ERF-ERF,AP2/ERF-ERF,SLAP2_54
Solyc07g042230.1,TF,AP2/ERF->AP2/ERF-ERF,AP2/ERF-ERF,SLAP2_55
Solyc07g053740.1,TF,AP2/ERF->AP2/ERF-ERF,AP2/ERF-ERF,SLAP2_56
Solyc12g009240.1,TF,AP2/ERF->AP2/ERF-ERF,AP2/ERF-ERF,SLAP2_57
Solyc06g065820.3,TF,AP2/ERF->AP2/ERF-ERF,AP2/ERF-ERF,SLAP2_58
Solyc02g077370.1,TF,AP2/ERF->AP2/ERF-ERF,AP2/ERF-ERF,SLAP2_59
Solyc03g114440.1,TF,AP2/ERF->AP2/ERF-ERF,AP2/ERF-ERF,SLAP2_60
Solyc04g071770.3,TF,AP2/ERF->AP2/ERF-ERF,AP2/ERF-ERF,SLAP2_61
Solyc04g078640.3,TF,AP2/ERF->AP2/ERF-ERF,AP2/ERF-ERF,SLAP2_62
Solyc05g052410.3,TF,AP2/ERF->AP2/ERF-ERF,AP2/ERF-ERF,SLAP2_63
Solyc08g007230.3,TF,AP2/ERF->AP2/ERF-ERF,AP2/ERF-ERF,SLAP2_64
Solyc08g078180.1,TF,AP2/ERF->AP2/ERF-ERF,AP2/ERF-ERF,SLAP2_65
Solyc08g081960.3,TF,AP2/ERF->AP2/ERF-ERF,AP2/ERF-ERF,SLAP2_66
Solyc11g012980.1,TF,AP2/ERF->AP2/ERF-ERF,AP2/ERF-ERF,SLAP2_67
Solyc12g056590.2,TF,AP2/ERF->AP2/ERF-ERF,AP2/ERF-ERF,SLAP2_68
Solyc04g007000.2,TF,AP2/ERF->AP2/ERF-RAV,AP2/ERF-RAV,SLAP2_69
Solyc05g009790.1,TF,AP2/ERF->AP2/ERF-RAV,AP2/ERF-RAV,SLAP2_70
Solyc02g065350.3,TF,B3->B3,B3,SLB3_1
Solyc02g021260.3,TF,B3->B3,B3,SLB3_2
Solyc04g079130.2,TF,B3->B3,B3,SLB3_3
Solyc06g073980.4,TF,B3->B3,B3,SLB3_4
Solyc06g007530.2,TF,B3->B3,B3,SLB3_5
Solyc08g006220.4,TF,B3->B3,B3,SLB3_6
Solyc08g006240.3,TF,B3->B3,B3,SLB3_7
Solyc08g006210.3,TF,B3->B3,B3,SLB3_8
Solyc09g010230.2,TF,B3->B3,B3,SLB3_9
Solyc04g081240.2,TF,B3->B3-ARF,B3-ARF,SLB3-ARF_1
Solyc01g096070.3,TF,B3->B3-ARF,B3-ARF,SLB3-ARF_2
Solyc01g103050.3,TF,B3->B3-ARF,B3-ARF,SLB3-ARF_3
Solyc02g037530.3,TF,B3->B3-ARF,B3-ARF,SLB3-ARF_4
Solyc11g069190.2,TF,B3->B3-ARF,B3-ARF,SLB3-ARF_5
Solyc03g118290.3,TF,B3->B3-ARF,B3-ARF,SLB3-ARF_6
Solyc05g047460.3,TF,B3->B3-ARF,B3-ARF,SLB3-ARF_7
Solyc07g016180.3,TF,B3->B3-ARF,B3-ARF,SLB3-ARF_8
Solyc07g042260.4,TF,B3->B3-ARF,B3-ARF,SLB3-ARF_9
Solyc08g008380.4,TF,B3->B3-ARF,B3-ARF,SLB3-ARF_10
Solyc08g082630.3,TF,B3->B3-ARF,B3-ARF,SLB3-ARF_11
Solyc09g007810.4,TF,B3->B3-ARF,B3-ARF,SLB3-ARF_12
Solyc08g076230.1,TF,BBR-BPC,BBR-BPC,SLBBR-BPC_1
Solyc06g072370.3,TF,BBR-BPC,BBR-BPC,SLBBR-BPC_2
Solyc07g062260.3,TF,BES1,BES1,SLBES1_1
Solyc03g119540.3,TF,C2C2->C2C2-CO-like,C2C2-CO-like,SLC2C2-CO-like_1
Solyc04g007210.3,TF,C2C2->C2C2-CO-like,C2C2-CO-like,SLC2C2-CO-like_2
Solyc07g006630.4,TF,C2C2->C2C2-CO-like,C2C2-CO-like,SLC2C2-CO-like_3
Solyc07g045180.4,TF,C2C2->C2C2-CO-like,C2C2-CO-like,SLC2C2-CO-like_4
Solyc02g089540.3,TF,C2C2->C2C2-CO-like,C2C2-CO-like,SLC2C2-CO-like_5
Solyc12g096500.2,TF,C2C2->C2C2-CO-like,C2C2-CO-like,SLC2C2-CO-like_6
Solyc05g009310.3,TF,C2C2->C2C2-CO-like,C2C2-CO-like,SLC2C2-CO-like_7
Solyc03g112930.3,TF,C2C2->C2C2-Dof,C2C2-Dof,SLC2C2-Dof_1
Solyc06g005130.3,TF,C2C2->C2C2-Dof,C2C2-Dof,SLC2C2-Dof_2
Solyc06g069760.3,TF,C2C2->C2C2-Dof,C2C2-Dof,SLC2C2-Dof_3
Solyc06g150130.1,TF,C2C2->C2C2-Dof,C2C2-Dof,SLC2C2-Dof_4
Solyc03g121400.1,TF,C2C2->C2C2-Dof,C2C2-Dof,SLC2C2-Dof_5
Solyc06g075370.3,TF,C2C2->C2C2-Dof,C2C2-Dof,SLC2C2-Dof_6
Solyc11g072500.2,TF,C2C2->C2C2-Dof,C2C2-Dof,SLC2C2-Dof_7
Solyc02g088070.3,TF,C2C2->C2C2-Dof,C2C2-Dof,SLC2C2-Dof_8
Solyc02g090220.3,TF,C2C2->C2C2-Dof,C2C2-Dof,SLC2C2-Dof_9
Solyc02g090310.1,TF,C2C2->C2C2-Dof,C2C2-Dof,SLC2C2-Dof_10
Solyc04g079570.1,TF,C2C2->C2C2-Dof,C2C2-Dof,SLC2C2-Dof_11
Solyc06g071480.3,TF,C2C2->C2C2-Dof,C2C2-Dof,SLC2C2-Dof_12
Solyc01g096120.3,TF,C2C2->C2C2-Dof,C2C2-Dof,SLC2C2-Dof_13
Solyc02g067230.3,TF,C2C2->C2C2-Dof,C2C2-Dof,SLC2C2-Dof_14
Solyc03g115940.4,TF,C2C2->C2C2-Dof,C2C2-Dof,SLC2C2-Dof_15
Solyc05g007880.4,TF,C2C2->C2C2-Dof,C2C2-Dof,SLC2C2-Dof_16
Solyc02g078620.1,TF,C2C2->C2C2-Dof,C2C2-Dof,SLC2C2-Dof_17
Solyc01g100220.3,TF,C2C2->C2C2-GATA,C2C2-GATA,SLC2C2-GATA_1
Solyc02g084590.4,TF,C2C2->C2C2-GATA,C2C2-GATA,SLC2C2-GATA_2
Solyc03g033660.4,TF,C2C2->C2C2-GATA,C2C2-GATA,SLC2C2-GATA_3
Solyc04g015360.3,TF,C2C2->C2C2-GATA,C2C2-GATA,SLC2C2-GATA_4
Solyc05g056120.3,TF,C2C2->C2C2-GATA,C2C2-GATA,SLC2C2-GATA_5
Solyc01g106040.3,TF,C2C2->C2C2-GATA,C2C2-GATA,SLC2C2-GATA_6
Solyc06g060940.2,TF,C2C2->C2C2-GATA,C2C2-GATA,SLC2C2-GATA_7
Solyc01g108416.1,TF,C2C2->C2C2-GATA,C2C2-GATA,SLC2C2-GATA_8
Solyc01g090760.4,TF,C2C2->C2C2-GATA,C2C2-GATA,SLC2C2-GATA_9
Solyc05g053500.4,TF,C2C2->C2C2-GATA,C2C2-GATA,SLC2C2-GATA_10
Solyc03g120890.3,TF,C2C2->C2C2-GATA,C2C2-GATA,SLC2C2-GATA_11
Solyc12g008830.3,TF,C2C2->C2C2-GATA,C2C2-GATA,SLC2C2-GATA_12
Solyc02g069720.3,TF,C2C2->C2C2-LSD,C2C2-LSD,SLC2C2-LSD_1
Solyc08g077060.3,TF,C2C2->C2C2-LSD,C2C2-LSD,SLC2C2-LSD_2
Solyc12g009580.2,TF,C2C2->C2C2-YABBY,C2C2-YABBY,SLC2C2-YABBY_1
Solyc03g115120.1,TF,C2H2,C2H2,SLC2H2_1
Solyc05g009170.3,TF,C2H2,C2H2,SLC2H2_2
Solyc06g060740.3,TF,C2H2,C2H2,SLC2H2_3
Solyc12g088390.1,TF,C2H2,C2H2,SLC2H2_4
Solyc04g008500.4,TF,C2H2,C2H2,SLC2H2_5
Solyc09g074780.3,TF,C2H2,C2H2,SLC2H2_6
Solyc03g117070.1,TF,C2H2,C2H2,SLC2H2_7
Solyc01g081630.4,TF,C2H2,C2H2,SLC2H2_8
Solyc06g074360.4,TF,C2H2,C2H2,SLC2H2_9
Solyc09g008440.1,TF,C2H2,C2H2,SLC2H2_10
Solyc09g065670.3,TF,C2H2,C2H2,SLC2H2_11
Solyc11g008040.3,TF,C2H2,C2H2,SLC2H2_12
Solyc03g115450.1,TF,C2H2,C2H2,SLC2H2_13
Solyc11g073075.1,TF,C2H2,C2H2,SLC2H2_14
Solyc03g098070.3,TF,C2H2,C2H2,SLC2H2_15
Solyc04g081370.2,TF,C2H2,C2H2,SLC2H2_16
Solyc06g076820.1,TF,C2H2,C2H2,SLC2H2_17
Solyc11g066400.1,TF,C2H2,C2H2,SLC2H2_18
Solyc02g085580.4,TF,C2H2,C2H2,SLC2H2_19
Solyc03g113910.3,TF,C2H2,C2H2,SLC2H2_20
Solyc06g068390.1,TF,C2H2,C2H2,SLC2H2_21
Solyc11g017140.3,TF,C2H2,C2H2,SLC2H2_22
Solyc01g107170.2,TF,C2H2,C2H2,SLC2H2_23
Solyc04g077980.1,TF,C2H2,C2H2,SLC2H2_24
Solyc06g075780.3,TF,C2H2,C2H2,SLC2H2_25
Solyc06g072360.3,TF,C2H2,C2H2,SLC2H2_26
Solyc06g074800.1,TF,C2H2,C2H2,SLC2H2_27
Solyc05g054650.1,TF,C2H2,C2H2,SLC2H2_28
Solyc02g086430.4,TF,C3H,C3H,SLC3H_1
Solyc12g006620.2,TF,C3H,C3H,SLC3H_2
Solyc06g054600.2,TF,C3H,C3H,SLC3H_3
Solyc05g009350.4,TF,C3H,C3H,SLC3H_4
Solyc02g082110.4,TF,C3H,C3H,SLC3H_5
Solyc05g008670.3,TF,C3H,C3H,SLC3H_6
Solyc06g082010.4,TF,C3H,C3H,SLC3H_7
Solyc11g070070.3,TF,C3H,C3H,SLC3H_8
Solyc05g015650.3,TF,CAMTA,CAMTA,SLCAMTA_1
Solyc08g067150.4,TF,CPP,CPP,SLCPP_1
Solyc03g033500.4,TF,CSD,CSD,SLCSD_1
Solyc01g110370.4,TF,DBB,DBB,SLDBB_1
Solyc02g084420.3,TF,DBB,DBB,SLDBB_2
Solyc12g089240.2,TF,DBB,DBB,SLDBB_3
Solyc04g081020.3,TF,DBB,DBB,SLDBB_4
Solyc07g007220.3,TF,DBP,DBP,SLDBP_1
Solyc02g087310.3,TF,E2F-DP,E2F-DP,SLE2F-DP_1
Solyc03g113760.3,TF,E2F-DP,E2F-DP,SLE2F-DP_2
Solyc09g010670.4,TF,E2F-DP,E2F-DP,SLE2F-DP_3
Solyc04g081350.3,TF,E2F-DP,E2F-DP,SLE2F-DP_4
Solyc01g006650.2,TF,EIL,EIL,SLEIL_1
Solyc01g009170.4,TF,EIL,EIL,SLEIL_2
Solyc01g096810.3,TF,EIL,EIL,SLEIL_3
Solyc08g077230.3,TF,GARP->GARP-ARR-B,GARP-ARR-B,SLGARP-ARR-B_1
Solyc11g072330.2,TF,GARP->GARP-ARR-B,GARP-ARR-B,SLGARP-ARR-B_2
Solyc02g076670.3,TF,GARP->GARP-G2-like,GARP-G2-like,SLGARP-G2-like_1
Solyc10g076460.2,TF,GARP->GARP-G2-like,GARP-G2-like,SLGARP-G2-like_2
Solyc10g080960.1,TF,GARP->GARP-G2-like,GARP-G2-like,SLGARP-G2-like_3
Solyc05g007890.4,TF,GARP->GARP-G2-like,GARP-G2-like,SLGARP-G2-like_4
Solyc07g045000.4,TF,GARP->GARP-G2-like,GARP-G2-like,SLGARP-G2-like_5
Solyc08g076010.4,TF,GARP->GARP-G2-like,GARP-G2-like,SLGARP-G2-like_6
Solyc06g066180.4,TF,GARP->GARP-G2-like,GARP-G2-like,SLGARP-G2-like_7
Solyc04g008480.2,TF,GARP->GARP-G2-like,GARP-G2-like,SLGARP-G2-like_8
Solyc06g005680.4,TF,GARP->GARP-G2-like,GARP-G2-like,SLGARP-G2-like_9
Solyc07g053630.4,TF,GARP->GARP-G2-like,GARP-G2-like,SLGARP-G2-like_10
Solyc10g078310.2,TF,GARP->GARP-G2-like,GARP-G2-like,SLGARP-G2-like_11
Solyc06g076350.3,TF,GARP->GARP-G2-like,GARP-G2-like,SLGARP-G2-like_12
Solyc05g009720.3,TF,GARP->GARP-G2-like,GARP-G2-like,SLGARP-G2-like_13
Solyc05g051060.3,TF,GARP->GARP-G2-like,GARP-G2-like,SLGARP-G2-like_14
Solyc10g078720.2,TF,GARP->GARP-G2-like,GARP-G2-like,SLGARP-G2-like_15
Solyc02g085340.1,TF,GRAS,GRAS,SLGRAS_1
Solyc01g100200.3,TF,GRAS,GRAS,SLGRAS_2
Solyc07g065270.1,TF,GRAS,GRAS,SLGRAS_3
Solyc11g011260.1,TF,GRAS,GRAS,SLGRAS_4
Solyc07g043330.3,TF,GRAS,GRAS,SLGRAS_5
Solyc08g080400.2,TF,GRAS,GRAS,SLGRAS_6
Solyc02g092370.1,TF,GRAS,GRAS,SLGRAS_7
Solyc06g076290.1,TF,GRAS,GRAS,SLGRAS_8
Solyc10g086380.1,TF,GRAS,GRAS,SLGRAS_9
Solyc05g054170.4,TF,GRAS,GRAS,SLGRAS_10
Solyc06g036170.1,TF,GRAS,GRAS,SLGRAS_11
Solyc10g074680.2,TF,GRAS,GRAS,SLGRAS_12
Solyc02g085600.1,TF,GRAS,GRAS,SLGRAS_13
Solyc04g014830.3,TF,GRAS,GRAS,SLGRAS_14
Solyc08g014030.1,TF,GRAS,GRAS,SLGRAS_15
Solyc01g059950.1,TF,GRAS,GRAS,SLGRAS_16
Solyc04g064550.1,TF,GRAS,GRAS,SLGRAS_17
Solyc04g077510.4,TF,GRF,GRF,SLGRF_1
Solyc09g009200.3,TF,GRF,GRF,SLGRF_2
Solyc02g092070.3,TF,GRF,GRF,SLGRF_3
Solyc08g005430.3,TF,GRF,GRF,SLGRF_4
Solyc07g041640.3,TF,GRF,GRF,SLGRF_5
Solyc08g065420.3,TF,HB->HB-BELL,HB-BELL,SLHB-BELL_1
Solyc02g089940.4,TF,HB->HB-BELL,HB-BELL,SLHB-BELL_2
Solyc11g069890.3,TF,HB->HB-BELL,HB-BELL,SLHB-BELL_3
Solyc08g081400.4,TF,HB->HB-BELL,HB-BELL,SLHB-BELL_4
Solyc04g080780.2,TF,HB->HB-BELL,HB-BELL,SLHB-BELL_5
Solyc09g011380.3,TF,HB->HB-BELL,HB-BELL,SLHB-BELL_6
Solyc11g068950.3,TF,HB->HB-BELL,HB-BELL,SLHB-BELL_7
Solyc10g086640.3,TF,HB->HB-BELL,HB-BELL,SLHB-BELL_8
Solyc02g024070.3,TF,HB->HB-HD-ZIP,HB-HD-ZIP,SLHB-HD-ZIP_1
Solyc03g026070.4,TF,HB->HB-HD-ZIP,HB-HD-ZIP,SLHB-HD-ZIP_2
Solyc08g066500.4,TF,HB->HB-HD-ZIP,HB-HD-ZIP,SLHB-HD-ZIP_3
Solyc04g077220.3,TF,HB->HB-HD-ZIP,HB-HD-ZIP,SLHB-HD-ZIP_4
Solyc08g078300.4,TF,HB->HB-HD-ZIP,HB-HD-ZIP,SLHB-HD-ZIP_5
Solyc03g113270.3,TF,HB->HB-HD-ZIP,HB-HD-ZIP,SLHB-HD-ZIP_6
Solyc04g074700.4,TF,HB->HB-HD-ZIP,HB-HD-ZIP,SLHB-HD-ZIP_7
Solyc01g096320.3,TF,HB->HB-HD-ZIP,HB-HD-ZIP,SLHB-HD-ZIP_8
Solyc02g063520.3,TF,HB->HB-HD-ZIP,HB-HD-ZIP,SLHB-HD-ZIP_9
Solyc05g006980.3,TF,HB->HB-HD-ZIP,HB-HD-ZIP,SLHB-HD-ZIP_10
Solyc08g007270.4,TF,HB->HB-HD-ZIP,HB-HD-ZIP,SLHB-HD-ZIP_11
Solyc10g080540.2,TF,HB->HB-HD-ZIP,HB-HD-ZIP,SLHB-HD-ZIP_12
Solyc01g073910.4,TF,HB->HB-HD-ZIP,HB-HD-ZIP,SLHB-HD-ZIP_13
Solyc02g091930.3,TF,HB->HB-HD-ZIP,HB-HD-ZIP,SLHB-HD-ZIP_14
Solyc01g090460.3,TF,HB->HB-HD-ZIP,HB-HD-ZIP,SLHB-HD-ZIP_15
Solyc03g120910.4,TF,HB->HB-HD-ZIP,HB-HD-ZIP,SLHB-HD-ZIP_16
Solyc06g053210.4,TF,HB->HB-HD-ZIP,HB-HD-ZIP,SLHB-HD-ZIP_17
Solyc08g076370.3,TF,HB->HB-HD-ZIP,HB-HD-ZIP,SLHB-HD-ZIP_18
Solyc05g007180.3,TF,HB->HB-HD-ZIP,HB-HD-ZIP,SLHB-HD-ZIP_19
Solyc06g060830.3,TF,HB->HB-HD-ZIP,HB-HD-ZIP,SLHB-HD-ZIP_20
Solyc06g053220.3,TF,HB->HB-HD-ZIP,HB-HD-ZIP,SLHB-HD-ZIP_21
Solyc08g083130.4,TF,HB->HB-HD-ZIP,HB-HD-ZIP,SLHB-HD-ZIP_22
Solyc01g010600.4,TF,HB->HB-HD-ZIP,HB-HD-ZIP,SLHB-HD-ZIP_23
Solyc02g087840.3,TF,HB->HB-HD-ZIP,HB-HD-ZIP,SLHB-HD-ZIP_24
Solyc11g069470.3,TF,HB->HB-HD-ZIP,HB-HD-ZIP,SLHB-HD-ZIP_25
Solyc03g082550.3,TF,HB->HB-HD-ZIP,HB-HD-ZIP,SLHB-HD-ZIP_26
Solyc04g077210.3,TF,HB->HB-KNOX,HB-KNOX,SLHB-KNOX_1
Solyc08g080120.3,TF,HB->HB-KNOX,HB-KNOX,SLHB-KNOX_2
Solyc12g010410.3,TF,HB->HB-KNOX,HB-KNOX,SLHB-KNOX_3
Solyc04g078650.4,TF,HB->HB-WOX,HB-WOX,SLHB-WOX_1
Solyc03g118770.4,TF,HB->HB-WOX,HB-WOX,SLHB-WOX_2
Solyc02g082670.3,TF,HB->HB-WOX,HB-WOX,SLHB-WOX_3
Solyc02g085630.3,TF,HB->HB-other,HB-other,SLHB-other_1
Solyc02g077590.1,TF,HB->HB-other,HB-other,SLHB-other_2
Solyc04g078770.4,TF,HSF,HSF,SLHSF_1
Solyc04g016000.3,TF,HSF,HSF,SLHSF_2
Solyc07g055710.3,TF,HSF,HSF,SLHSF_3
Solyc07g040680.3,TF,HSF,HSF,SLHSF_4
Solyc12g007070.2,TF,HSF,HSF,SLHSF_5
Solyc02g090820.3,TF,HSF,HSF,SLHSF_6
Solyc06g053960.3,TF,HSF,HSF,SLHSF_7
Solyc09g009100.4,TF,HSF,HSF,SLHSF_8
Solyc09g065660.4,TF,HSF,HSF,SLHSF_9
Solyc03g026020.3,TF,HSF,HSF,SLHSF_10
Solyc08g062960.4,TF,HSF,HSF,SLHSF_11
Solyc08g080540.3,TF,HSF,HSF,SLHSF_12
Solyc06g071310.4,TF,LIM,LIM,SLLIM_1
Solyc04g077780.3,TF,LIM,LIM,SLLIM_2
Solyc12g088320.2,TF,LIM,LIM,SLLIM_3
Solyc02g069440.3,TF,LOB,LOB,SLLOB_1
Solyc03g095940.1,TF,LOB,LOB,SLLOB_2
Solyc11g072470.3,TF,LOB,LOB,SLLOB_3
Solyc02g085910.4,TF,LOB,LOB,SLLOB_4
Solyc02g086480.1,TF,LOB,LOB,SLLOB_5
Solyc06g005090.3,TF,LOB,LOB,SLLOB_6
Solyc03g119530.3,TF,LOB,LOB,SLLOB_7
Solyc04g077990.3,TF,LOB,LOB,SLLOB_8
Solyc09g066270.3,TF,LOB,LOB,SLLOB_9
Solyc06g075330.3,TF,LOB,LOB,SLLOB_10
Solyc01g091420.2,TF,LOB,LOB,SLLOB_11
Solyc06g050430.3,TF,LOB,LOB,SLLOB_12
Solyc11g045530.3,TF,LOB,LOB,SLLOB_13
Solyc02g067800.4,TF,LOB,LOB,SLLOB_14
Solyc06g082770.3,TF,LOB,LOB,SLLOB_15
Solyc01g107190.3,TF,LOB,LOB,SLLOB_16
Solyc01g106700.3,TF,MADS->MADS-M-type,MADS-M-type,SLMADS-M-type_1
Solyc01g097850.1,TF,MADS->MADS-M-type,MADS-M-type,SLMADS-M-type_2
novel.1894,TF,MADS->MADS-M-type,MADS-M-type,SLMADS-M-type_3
Solyc04g076680.2,TF,MADS->MADS-M-type,MADS-M-type,SLMADS-M-type_4
Solyc11g069770.2,TF,MADS->MADS-M-type,MADS-M-type,SLMADS-M-type_5
Solyc11g010570.2,TF,MADS->MADS-MIKC,MADS-MIKC,SLMADS-MIKC_1
Solyc05g012020.4,TF,MADS->MADS-MIKC,MADS-MIKC,SLMADS-MIKC_2
Solyc02g084630.3,TF,MADS->MADS-MIKC,MADS-MIKC,SLMADS-MIKC_3
Solyc06g069430.3,TF,MADS->MADS-MIKC,MADS-MIKC,SLMADS-MIKC_4
Solyc04g014470.3,TF,MYB->MYB,MYB,SLMYB_1
Solyc06g053610.3,TF,MYB->MYB,MYB,SLMYB_2
Solyc06g071690.3,TF,MYB->MYB,MYB,SLMYB_3
Solyc06g083900.3,TF,MYB->MYB,MYB,SLMYB_4
Solyc08g079270.3,TF,MYB->MYB,MYB,SLMYB_5
Solyc10g081320.1,TF,MYB->MYB,MYB,SLMYB_6
Solyc11g065840.3,TF,MYB->MYB,MYB,SLMYB_7
Solyc09g090130.3,TF,MYB->MYB,MYB,SLMYB_8
Solyc02g087960.3,TF,MYB->MYB,MYB,SLMYB_9
Solyc10g086250.2,TF,MYB->MYB,MYB,SLMYB_10
Solyc12g049350.2,TF,MYB->MYB,MYB,SLMYB_11
Solyc01g111500.3,TF,MYB->MYB,MYB,SLMYB_12
Solyc06g005330.3,TF,MYB->MYB,MYB,SLMYB_13
Solyc09g008250.4,TF,MYB->MYB,MYB,SLMYB_14
Solyc12g099140.2,TF,MYB->MYB,MYB,SLMYB_15
Solyc10g076820.2,TF,MYB->MYB,MYB,SLMYB_16
Solyc02g079280.3,TF,MYB->MYB,MYB,SLMYB_17
Solyc02g093740.3,TF,MYB->MYB,MYB,SLMYB_18
Solyc03g093890.3,TF,MYB->MYB,MYB,SLMYB_19
Solyc04g077260.3,TF,MYB->MYB,MYB,SLMYB_20
Solyc04g078420.1,TF,MYB->MYB,MYB,SLMYB_21
Solyc05g051550.2,TF,MYB->MYB,MYB,SLMYB_22
Solyc07g054840.4,TF,MYB->MYB,MYB,SLMYB_23
Solyc10g005550.3,TF,MYB->MYB,MYB,SLMYB_24
Solyc10g008700.3,TF,MYB->MYB,MYB,SLMYB_25
Solyc03g119740.3,TF,MYB->MYB,MYB,SLMYB_26
Solyc06g076770.3,TF,MYB->MYB,MYB,SLMYB_27
Solyc10g055410.2,TF,MYB->MYB,MYB,SLMYB_28
Solyc11g011050.2,TF,MYB->MYB,MYB,SLMYB_29
Solyc01g087130.4,TF,MYB->MYB,MYB,SLMYB_30
Solyc08g068320.3,TF,MYB->MYB,MYB,SLMYB_31
Solyc10g044680.2,TF,MYB->MYB,MYB,SLMYB_32
Solyc11g071300.2,TF,MYB->MYB,MYB,SLMYB_33
Solyc05g055030.2,TF,MYB->MYB,MYB,SLMYB_34
Solyc10g005240.3,TF,MYB->MYB,MYB,SLMYB_35
Solyc10g005460.3,TF,MYB->MYB,MYB,SLMYB_36
Solyc02g091980.2,TF,MYB->MYB,MYB,SLMYB_37
Solyc05g009230.3,TF,MYB->MYB,MYB,SLMYB_38
Solyc05g048830.3,TF,MYB->MYB,MYB,SLMYB_39
Solyc06g065100.3,TF,MYB->MYB,MYB,SLMYB_40
Solyc07g008010.4,TF,MYB->MYB,MYB,SLMYB_41
Solyc11g073120.2,TF,MYB->MYB,MYB,SLMYB_42
Solyc02g088190.4,TF,MYB->MYB,MYB,SLMYB_43
Solyc03g025870.3,TF,MYB->MYB,MYB,SLMYB_44
Solyc01g057910.3,TF,MYB->MYB,MYB,SLMYB_45
Solyc03g116100.3,TF,MYB->MYB,MYB,SLMYB_46
Solyc03g119370.2,TF,MYB->MYB,MYB,SLMYB_47
Solyc01g102340.3,TF,MYB->MYB,MYB,SLMYB_48
Solyc02g082040.3,TF,MYB->MYB,MYB,SLMYB_49
Solyc03g112390.3,TF,MYB->MYB,MYB,SLMYB_50
Solyc04g005710.3,TF,MYB->MYB,MYB,SLMYB_51
Solyc08g081500.3,TF,MYB->MYB,MYB,SLMYB_52
Solyc02g092930.1,TF,MYB->MYB,MYB,SLMYB_53
Solyc04g079360.1,TF,MYB->MYB,MYB,SLMYB_54
Solyc11g006720.2,TF,MYB->MYB,MYB,SLMYB_55
Solyc10g084370.3,TF,MYB->MYB-related,MYB-related,SLMYB-related_1
Solyc06g005310.3,TF,MYB->MYB-related,MYB-related,SLMYB-related_2
Solyc06g075660.4,TF,MYB->MYB-related,MYB-related,SLMYB-related_3
Solyc10g080920.2,TF,MYB->MYB-related,MYB-related,SLMYB-related_4
Solyc02g036370.3,TF,MYB->MYB-related,MYB-related,SLMYB-related_5
Solyc01g095030.3,TF,MYB->MYB-related,MYB-related,SLMYB-related_6
Solyc10g005080.3,TF,MYB->MYB-related,MYB-related,SLMYB-related_7
Solyc09g007570.3,TF,MYB->MYB-related,MYB-related,SLMYB-related_8
Solyc03g098320.4,TF,MYB->MYB-related,MYB-related,SLMYB-related_9
Solyc05g052610.3,TF,MYB->MYB-related,MYB-related,SLMYB-related_10
Solyc12g008800.3,TF,MYB->MYB-related,MYB-related,SLMYB-related_11
Solyc07g026680.2,TF,MYB->MYB-related,MYB-related,SLMYB-related_12
Solyc07g053590.4,TF,NAC,NAC,SLNAC_1
Solyc11g018660.2,TF,NAC,NAC,SLNAC_2
Solyc02g069960.4,TF,NAC,NAC,SLNAC_3
Solyc02g084350.3,TF,NAC,NAC,SLNAC_4
Solyc01g009860.3,TF,NAC,NAC,SLNAC_5
Solyc09g025310.4,TF,NAC,NAC,SLNAC_6
Solyc05g021090.4,TF,NAC,NAC,SLNAC_7
Solyc02g088180.3,TF,NAC,NAC,SLNAC_8
Solyc08g006020.4,TF,NAC,NAC,SLNAC_9
Solyc11g068620.2,TF,NAC,NAC,SLNAC_10
Solyc07g045030.4,TF,NAC,NAC,SLNAC_11
Solyc10g005010.4,TF,NAC,NAC,SLNAC_12
Solyc02g077610.3,TF,NAC,NAC,SLNAC_13
Solyc03g083880.4,TF,NAC,NAC,SLNAC_14
Solyc06g034340.3,TF,NAC,NAC,SLNAC_15
Solyc08g079120.3,TF,NAC,NAC,SLNAC_16
Solyc02g036430.2,TF,NAC,NAC,SLNAC_17
Solyc02g093420.4,TF,NAC,NAC,SLNAC_18
Solyc03g098190.3,TF,NAC,NAC,SLNAC_19
Solyc04g009440.3,TF,NAC,NAC,SLNAC_20
Solyc10g047060.2,TF,NAC,NAC,SLNAC_21
Solyc02g061780.3,TF,NAC,NAC,SLNAC_22
Solyc03g097650.3,TF,NAC,NAC,SLNAC_23
Solyc10g055760.2,TF,NAC,NAC,SLNAC_24
Solyc02g081270.4,TF,NAC,NAC,SLNAC_25
Solyc06g065410.3,TF,NAC,NAC,SLNAC_26
Solyc08g077110.4,TF,NAC,NAC,SLNAC_27
Solyc01g104900.3,TF,NAC,NAC,SLNAC_28
Solyc02g087920.3,TF,NAC,NAC,SLNAC_29
Solyc04g079940.3,TF,NAC,NAC,SLNAC_30
Solyc03g115850.3,TF,NAC,NAC,SLNAC_31
Solyc04g005610.3,TF,NAC,NAC,SLNAC_32
Solyc04g078670.3,TF,NAC,NAC,SLNAC_33
Solyc06g060230.3,TF,NAC,NAC,SLNAC_34
Solyc06g061080.3,TF,NAC,NAC,SLNAC_35
Solyc06g069710.3,TF,NAC,NAC,SLNAC_36
Solyc07g063410.3,TF,NAC,NAC,SLNAC_37
Solyc07g066330.3,TF,NAC,NAC,SLNAC_38
Solyc12g013620.2,TF,NAC,NAC,SLNAC_39
Solyc08g008660.4,TF,NAC,NAC,SLNAC_40
Solyc05g007770.3,TF,NAC,NAC,SLNAC_41
Solyc07g063420.3,TF,NAC,NAC,SLNAC_42
Solyc11g017470.2,TF,NAC,NAC,SLNAC_43
Solyc03g118420.4,TF,NF-X1,NF-X1,SLNF-X1_1
Solyc08g062210.3,TF,NF-Y->NF-YA,NF-YA,SLNF-YA_1
Solyc01g006930.3,TF,NF-Y->NF-YA,NF-YA,SLNF-YA_2
Solyc01g087240.3,TF,NF-Y->NF-YA,NF-YA,SLNF-YA_3
Solyc10g081840.3,TF,NF-Y->NF-YA,NF-YA,SLNF-YA_4
Solyc03g121940.3,TF,NF-Y->NF-YA,NF-YA,SLNF-YA_5
Solyc10g079150.3,TF,NF-Y->NF-YA,NF-YA,SLNF-YA_6
Solyc07g065500.2,TF,NF-Y->NF-YB,NF-YB,SLNF-YB_1
Solyc05g015330.1,TF,NF-Y->NF-YC,NF-YC,SLNF-YC_1
Solyc10g076180.1,TF,OFP,OFP,SLOFP_1
Solyc05g055220.1,TF,OFP,OFP,SLOFP_2
Solyc02g085500.4,TF,OFP,OFP,SLOFP_3
Solyc09g082080.1,TF,OFP,OFP,SLOFP_4
Solyc01g007800.3,TF,OFP,OFP,SLOFP_5
Solyc01g007810.1,TF,OFP,OFP,SLOFP_6
Solyc03g034100.4,TF,OFP,OFP,SLOFP_7
Solyc06g082460.1,TF,OFP,OFP,SLOFP_8
Solyc02g068510.2,TF,PLATZ,PLATZ,SLPLATZ_1
Solyc04g008090.4,TF,PLATZ,PLATZ,SLPLATZ_2
Solyc10g085800.2,TF,PLATZ,PLATZ,SLPLATZ_3
Solyc01g091000.4,TF,PLATZ,PLATZ,SLPLATZ_4
Solyc06g061240.4,TF,PLATZ,PLATZ,SLPLATZ_5
Solyc01g112190.3,TF,RWP-RK,RWP-RK,SLRWP-RK_1
Solyc08g013900.3,TF,RWP-RK,RWP-RK,SLRWP-RK_2
Solyc03g114850.4,TF,SBP,SBP,SLSBP_1
Solyc10g009080.4,TF,SBP,SBP,SLSBP_2
Solyc05g015840.3,TF,SBP,SBP,SLSBP_3
Solyc12g038520.3,TF,SBP,SBP,SLSBP_4
Solyc02g077920.4,TF,SBP,SBP,SLSBP_5
Solyc07g062970.3,TF,SBP,SBP,SLSBP_6
Solyc10g018780.3,TF,SBP,SBP,SLSBP_7
Solyc10g078700.3,TF,SBP,SBP,SLSBP_8
Solyc10g054070.1,TF,SRS,SRS,SLSRS_1
Solyc08g077450.4,TF,SRS,SRS,SLSRS_2
Solyc11g064800.3,TF,SRS,SRS,SLSRS_3
Solyc02g065800.3,TF,TCP,TCP,SLTCP_1
Solyc05g007420.2,TF,TCP,TCP,SLTCP_2
Solyc10g082063.1,TF,TCP,TCP,SLTCP_3
Solyc08g080150.1,TF,TCP,TCP,SLTCP_4
Solyc01g103780.4,TF,TCP,TCP,SLTCP_5
Solyc03g116320.3,TF,TCP,TCP,SLTCP_6
Solyc11g020670.1,TF,TCP,TCP,SLTCP_7
Solyc04g009180.3,TF,TCP,TCP,SLTCP_8
Solyc03g119770.4,TF,TCP,TCP,SLTCP_9
Solyc06g065190.1,TF,TCP,TCP,SLTCP_10
Solyc06g070900.3,TF,TCP,TCP,SLTCP_11
Solyc03g117730.3,TF,TUB,TUB,SLTUB_1
Solyc03g033980.4,TF,TUB,TUB,SLTUB_2
Solyc12g049400.2,TF,Tify,Tify,SLTify_1
Solyc08g036640.3,TF,Tify,Tify,SLTify_2
Solyc12g009220.2,TF,Tify,Tify,SLTify_3
Solyc03g118540.4,TF,Tify,Tify,SLTify_4
Solyc07g042170.3,TF,Tify,Tify,SLTify_5
Solyc11g011030.2,TF,Tify,Tify,SLTify_6
Solyc03g111260.3,TF,Trihelix,Trihelix,SLTrihelix_1
Solyc09g009250.3,TF,Trihelix,Trihelix,SLTrihelix_2
Solyc12g056510.3,TF,Trihelix,Trihelix,SLTrihelix_3
Solyc11g005380.2,TF,Trihelix,Trihelix,SLTrihelix_4
Solyc09g005560.4,TF,Trihelix,Trihelix,SLTrihelix_5
novel.5732,TF,Trihelix,Trihelix,SLTrihelix_6
Solyc07g055100.4,TF,Trihelix,Trihelix,SLTrihelix_7
Solyc06g051120.4,TF,Trihelix,Trihelix,SLTrihelix_8
Solyc01g104760.2,TF,Trihelix,Trihelix,SLTrihelix_9
Solyc02g032950.3,TF,WRKY,WRKY,SLWRKY_1
Solyc02g072190.4,TF,WRKY,WRKY,SLWRKY_2
Solyc02g088340.4,TF,WRKY,WRKY,SLWRKY_3
Solyc04g072070.3,TF,WRKY,WRKY,SLWRKY_4
Solyc06g070990.3,TF,WRKY,WRKY,SLWRKY_5
Solyc07g055280.4,TF,WRKY,WRKY,SLWRKY_6
Solyc07g056280.3,TF,WRKY,WRKY,SLWRKY_7
Solyc09g015770.3,TF,WRKY,WRKY,SLWRKY_8
Solyc02g071130.4,TF,WRKY,WRKY,SLWRKY_9
Solyc03g116890.3,TF,WRKY,WRKY,SLWRKY_10
Solyc08g082110.4,TF,WRKY,WRKY,SLWRKY_11
Solyc10g011910.4,TF,WRKY,WRKY,SLWRKY_12
Solyc03g007380.2,TF,WRKY,WRKY,SLWRKY_13
Solyc03g113120.4,TF,WRKY,WRKY,SLWRKY_14
Solyc08g081630.2,TF,WRKY,WRKY,SLWRKY_15
Solyc01g079260.4,TF,WRKY,WRKY,SLWRKY_16
novel.4462,TF,WRKY,WRKY,SLWRKY_17
Solyc02g093050.3,TF,WRKY,WRKY,SLWRKY_18
Solyc08g067340.4,TF,WRKY,WRKY,SLWRKY_19
Solyc09g014990.4,TF,WRKY,WRKY,SLWRKY_20
Solyc12g011200.3,TF,WRKY,WRKY,SLWRKY_21
Solyc10g009550.3,TF,WRKY,WRKY,SLWRKY_22
Solyc12g096350.2,TF,WRKY,WRKY,SLWRKY_23
Solyc01g095100.4,TF,WRKY,WRKY,SLWRKY_24
Solyc01g095630.3,TF,WRKY,WRKY,SLWRKY_25
Solyc10g084380.1,TF,WRKY,WRKY,SLWRKY_26
Solyc12g014610.2,TF,WRKY,WRKY,SLWRKY_27
Solyc02g021680.3,TF,WRKY,WRKY,SLWRKY_28
Solyc02g080890.3,TF,WRKY,WRKY,SLWRKY_29
Solyc05g015850.4,TF,WRKY,WRKY,SLWRKY_30
Solyc08g081610.4,TF,WRKY,WRKY,SLWRKY_31
Solyc03g095770.3,TF,WRKY,WRKY,SLWRKY_32
Solyc05g053380.4,TF,WRKY,WRKY,SLWRKY_33
Solyc05g050330.3,TF,WRKY,WRKY,SLWRKY_34
Solyc06g066370.4,TF,WRKY,WRKY,SLWRKY_35
Solyc06g068460.3,TF,WRKY,WRKY,SLWRKY_36
Solyc02g063430.4,TF,bHLH,bHLH,SLbHLH_1
Solyc03g007410.4,TF,bHLH,bHLH,SLbHLH_2
Solyc04g006990.3,TF,bHLH,bHLH,SLbHLH_3
Solyc04g014360.3,TF,bHLH,bHLH,SLbHLH_4
Solyc05g009880.3,TF,bHLH,bHLH,SLbHLH_5
Solyc06g083170.3,TF,bHLH,bHLH,SLbHLH_6
Solyc01g098720.3,TF,bHLH,bHLH,SLbHLH_7
Solyc06g008030.3,TF,bHLH,bHLH,SLbHLH_8
Solyc09g098110.4,TF,bHLH,bHLH,SLbHLH_9
Solyc02g078130.3,TF,bHLH,bHLH,SLbHLH_10
Solyc03g119390.4,TF,bHLH,bHLH,SLbHLH_11
Solyc10g009290.1,TF,bHLH,bHLH,SLbHLH_12
Solyc04g005130.3,TF,bHLH,bHLH,SLbHLH_13
Solyc01g010130.4,TF,bHLH,bHLH,SLbHLH_14
Solyc03g097820.2,TF,bHLH,bHLH,SLbHLH_15
Solyc05g007210.2,TF,bHLH,bHLH,SLbHLH_16
Solyc06g072520.2,TF,bHLH,bHLH,SLbHLH_17
Solyc07g005400.3,TF,bHLH,bHLH,SLbHLH_18
Solyc09g063010.4,TF,bHLH,bHLH,SLbHLH_19
Solyc01g106460.4,TF,bHLH,bHLH,SLbHLH_20
Solyc02g091810.2,TF,bHLH,bHLH,SLbHLH_21
Solyc06g035490.3,TF,bHLH,bHLH,SLbHLH_22
Solyc12g010170.2,TF,bHLH,bHLH,SLbHLH_23
Solyc12g098620.2,TF,bHLH,bHLH,SLbHLH_24
Solyc03g118310.4,TF,bHLH,bHLH,SLbHLH_25
Solyc05g014590.3,TF,bHLH,bHLH,SLbHLH_26
Solyc04g076845.1,TF,bHLH,bHLH,SLbHLH_27
Solyc06g062460.3,TF,bHLH,bHLH,SLbHLH_28
Solyc02g070880.1,TF,bHLH,bHLH,SLbHLH_29
Solyc04g078790.3,TF,bHLH,bHLH,SLbHLH_30
Solyc01g057300.2,TF,bHLH,bHLH,SLbHLH_31
Solyc06g051260.4,TF,bHLH,bHLH,SLbHLH_32
Solyc06g065040.4,TF,bHLH,bHLH,SLbHLH_33
Solyc07g043580.4,TF,bHLH,bHLH,SLbHLH_34
Solyc02g091690.3,TF,bHLH,bHLH,SLbHLH_35
Solyc05g006650.3,TF,bHLH,bHLH,SLbHLH_36
Solyc09g097870.4,TF,bHLH,bHLH,SLbHLH_37
Solyc12g036470.2,TF,bHLH,bHLH,SLbHLH_38
Solyc01g096370.4,TF,bHLH,bHLH,SLbHLH_39
Solyc01g109700.3,TF,bHLH,bHLH,SLbHLH_40
Solyc03g006910.3,TF,bHLH,bHLH,SLbHLH_41
Solyc04g074810.4,TF,bHLH,bHLH,SLbHLH_42
Solyc04g077480.3,TF,bHLH,bHLH,SLbHLH_43
Solyc07g018010.3,TF,bHLH,bHLH,SLbHLH_44
Solyc03g034000.3,TF,bHLH,bHLH,SLbHLH_45
Solyc03g095980.3,TF,bHLH,bHLH,SLbHLH_46
Solyc09g089870.3,TF,bHLH,bHLH,SLbHLH_47
Solyc11g010340.2,TF,bHLH,bHLH,SLbHLH_48
Solyc04g080740.1,TF,bZIP,bZIP,SLbZIP_1
Solyc02g083520.2,TF,bZIP,bZIP,SLbZIP_2
Solyc04g054320.4,TF,bZIP,bZIP,SLbZIP_3
Solyc04g072460.3,TF,bZIP,bZIP,SLbZIP_4
Solyc08g061130.3,TF,bZIP,bZIP,SLbZIP_5
Solyc01g095460.3,TF,bZIP,bZIP,SLbZIP_6
Solyc01g108080.4,TF,bZIP,bZIP,SLbZIP_7
Solyc02g061990.3,TF,bZIP,bZIP,SLbZIP_8
Solyc02g084860.1,TF,bZIP,bZIP,SLbZIP_9
Solyc05g050220.3,TF,bZIP,bZIP,SLbZIP_10
Solyc09g009760.1,TF,bZIP,bZIP,SLbZIP_11
Solyc01g109880.3,TF,bZIP,bZIP,SLbZIP_12
Solyc08g006110.4,TF,bZIP,bZIP,SLbZIP_13
Solyc01g097330.3,TF,bZIP,bZIP,SLbZIP_14
Solyc02g062950.3,TF,bZIP,bZIP,SLbZIP_15
Solyc05g009660.4,TF,bZIP,bZIP,SLbZIP_16
Solyc07g053450.4,TF,bZIP,bZIP,SLbZIP_17
Solyc07g062710.4,TF,bZIP,bZIP,SLbZIP_18
Solyc12g010800.2,TF,bZIP,bZIP,SLbZIP_19
Solyc03g043895.1,TF,bZIP,bZIP,SLbZIP_20
Solyc02g092090.3,TF,bZIP,bZIP,SLbZIP_21
Solyc03g046440.3,TF,bZIP,bZIP,SLbZIP_22
Solyc05g010516.1,TF,bZIP,bZIP,SLbZIP_23
Solyc01g100460.3,TF,bZIP,bZIP,SLbZIP_24
Solyc04g071160.3,TF,bZIP,bZIP,SLbZIP_25
Solyc09g009490.4,TF,bZIP,bZIP,SLbZIP_26
Solyc04g080490.4,TF,zf-HD,zf-HD,SLzf-HD_1
Solyc03g116070.1,TF,zf-HD,zf-HD,SLzf-HD_2
Solyc02g085160.1,TF,zf-HD,zf-HD,SLzf-HD_3
Solyc02g067310.4,TF,zf-HD,zf-HD,SLzf-HD_4
Solyc02g067320.3,TF,zf-HD,zf-HD,SLzf-HD_5
Solyc02g087970.1,TF,zf-HD,zf-HD,SLzf-HD_6
Solyc03g098060.3,TF,zf-HD,zf-HD,SLzf-HD_7
Solyc05g007580.1,TF,zf-HD,zf-HD,SLzf-HD_8
Solyc06g008580.3,TR,AUX/IAA,AUX/IAA,SLAUX_1
Solyc09g064530.3,TR,AUX/IAA,AUX/IAA,SLAUX_2
Solyc12g096980.3,TR,AUX/IAA,AUX/IAA,SLAUX_3
Solyc06g066020.3,TR,AUX/IAA,AUX/IAA,SLAUX_4
Solyc04g054280.2,TR,AUX/IAA,AUX/IAA,SLAUX_5
Solyc03g120390.3,TR,AUX/IAA,AUX/IAA,SLAUX_6
Solyc08g021820.3,TR,AUX/IAA,AUX/IAA,SLAUX_7
novel.1374,TR,AUX/IAA,AUX/IAA,SLAUX_8
Solyc03g120380.3,TR,AUX/IAA,AUX/IAA,SLAUX_9
Solyc03g120500.4,TR,AUX/IAA,AUX/IAA,SLAUX_10
Solyc06g053840.3,TR,AUX/IAA,AUX/IAA,SLAUX_11
Solyc06g053830.3,TR,AUX/IAA,AUX/IAA,SLAUX_12
Solyc06g084070.3,TR,AUX/IAA,AUX/IAA,SLAUX_13
Solyc09g083290.3,TR,AUX/IAA,AUX/IAA,SLAUX_14
Solyc09g065850.4,TR,AUX/IAA,AUX/IAA,SLAUX_15
Solyc01g097290.4,TR,AUX/IAA,AUX/IAA,SLAUX_16
Solyc06g008590.3,TR,AUX/IAA,AUX/IAA,SLAUX_17
Solyc09g083280.3,TR,AUX/IAA,AUX/IAA,SLAUX_18
Solyc07g008020.3,TR,AUX/IAA,AUX/IAA,SLAUX_19
Solyc02g061790.4,TR,Coactivator p15,Coactivator p15,SLCoactivator p15_1
Solyc05g056530.4,TR,DDT,DDT,SLDDT_1
Solyc11g006200.2,TR,DDT,DDT,SLDDT_2
Solyc06g074640.2,TR,DDT,DDT,SLDDT_3
Solyc09g082230.1,TR,GNAT,GNAT,SLGNAT_1
Solyc08g068700.1,TR,GNAT,GNAT,SLGNAT_2
Solyc08g068770.3,TR,GNAT,GNAT,SLGNAT_3
Solyc08g068730.1,TR,GNAT,GNAT,SLGNAT_4
Solyc03g025710.3,TR,GNAT,GNAT,SLGNAT_5
Solyc05g005890.2,TR,GNAT,GNAT,SLGNAT_6
Solyc08g006730.1,TR,GNAT,GNAT,SLGNAT_7
Solyc06g065570.3,TR,GNAT,GNAT,SLGNAT_8
Solyc08g068280.2,TR,GNAT,GNAT,SLGNAT_9
Solyc03g116860.3,TR,GNAT,GNAT,SLGNAT_10
Solyc08g068690.1,TR,GNAT,GNAT,SLGNAT_11
Solyc08g068710.1,TR,GNAT,GNAT,SLGNAT_12
Solyc02g064690.3,TR,GNAT,GNAT,SLGNAT_13
Solyc08g006765.1,TR,GNAT,GNAT,SLGNAT_14
Solyc03g043950.4,TR,GNAT,GNAT,SLGNAT_15
Solyc02g092490.3,TR,GNAT,GNAT,SLGNAT_16
Solyc08g068780.3,TR,GNAT,GNAT,SLGNAT_17
Solyc04g008820.3,TR,HMG,HMG,SLHMG_1
Solyc08g082070.3,TR,HMG,HMG,SLHMG_2
Solyc08g076390.3,TR,Jumonji,Jumonji,SLJumonji_1
Solyc08g005240.3,TR,Jumonji,Jumonji,SLJumonji_2
Solyc01g006680.4,TR,Jumonji,Jumonji,SLJumonji_3
Solyc01g104740.3,TR,MBF1,MBF1,SLMBF1_1
Solyc04g008110.3,TR,Others,Others,SLOthers_1
Solyc06g073180.3,TR,Others,Others,SLOthers_2
Solyc03g113720.3,TR,Others,Others,SLOthers_3
Solyc07g053140.3,TR,Others,Others,SLOthers_4
Solyc06g048930.4,TR,Others,Others,SLOthers_5
Solyc02g079430.4,TR,Others,Others,SLOthers_6
Solyc07g052620.1,TR,Others,Others,SLOthers_7
Solyc02g089930.4,TR,Others,Others,SLOthers_8
Solyc02g093590.3,TR,Others,Others,SLOthers_9
Solyc06g053710.3,TR,Others,Others,SLOthers_10
Solyc10g079700.2,TR,Others,Others,SLOthers_11
Solyc02g071220.3,TR,Others,Others,SLOthers_12
Solyc02g089500.4,TR,Others,Others,SLOthers_13
Solyc10g079600.2,TR,Others,Others,SLOthers_14
Solyc07g047770.4,TR,Others,Others,SLOthers_15
Solyc10g006750.4,TR,Others,Others,SLOthers_16
Solyc12g005660.2,TR,Others,Others,SLOthers_17
Solyc03g083400.3,TR,Others,Others,SLOthers_18
Solyc08g068960.3,TR,Others,Others,SLOthers_19
Solyc09g089610.3,TR,Others,Others,SLOthers_20
Solyc05g006420.3,TR,Others,Others,SLOthers_21
Solyc03g082860.3,TR,PHD,PHD,SLPHD_1
Solyc07g062100.4,TR,PHD,PHD,SLPHD_2
Solyc11g005730.3,TR,PHD,PHD,SLPHD_3
Solyc05g042030.3,TR,PHD,PHD,SLPHD_4
Solyc12g014540.2,TR,PHD,PHD,SLPHD_5
Solyc02g081130.3,TR,PHD,PHD,SLPHD_6
Solyc04g049670.4,TR,Pseudo ARR-B,Pseudo ARR-B,SLPseudo ARR-B_1
Solyc03g081240.3,TR,Pseudo ARR-B,Pseudo ARR-B,SLPseudo ARR-B_2
Solyc03g115770.3,TR,Pseudo ARR-B,Pseudo ARR-B,SLPseudo ARR-B_3
Solyc10g005030.4,TR,Pseudo ARR-B,Pseudo ARR-B,SLPseudo ARR-B_4
Solyc03g093700.3,TR,SET,SET,SLSET_1
Solyc05g013150.4,TR,SET,SET,SLSET_2
Solyc02g094520.3,TR,SET,SET,SLSET_3
Solyc05g007760.2,TR,SET,SET,SLSET_4
Solyc02g085390.4,TR,SNF2,SNF2,SLSNF2_1
Solyc02g062780.4,TR,SNF2,SNF2,SLSNF2_2
Solyc03g005460.4,TR,SNF2,SNF2,SLSNF2_3
Solyc04g056410.3,TR,SNF2,SNF2,SLSNF2_4
Solyc01g090650.1,TR,SNF2,SNF2,SLSNF2_5
Solyc03g063220.2,TR,SNF2,SNF2,SLSNF2_6
Solyc01g109970.3,TR,SNF2,SNF2,SLSNF2_7
Solyc11g012290.2,TR,SWI/SNF-BAF60b,SWI/SNF-BAF60b,SLSWI_1
Solyc02g092460.3,TR,TAZ,TAZ,SLTAZ_1
Solyc03g111710.3,TR,TAZ,TAZ,SLTAZ_2
Solyc06g071830.2,TR,TAZ,TAZ,SLTAZ_3
Solyc08g014440.4,TR,TAZ,TAZ,SLTAZ_4
Solyc06g071820.3,TR,TAZ,TAZ,SLTAZ_5
Solyc04g082420.3,TR,TRAF,TRAF,SLTRAF_1
Solyc10g079460.1,TR,TRAF,TRAF,SLTRAF_2
Solyc04g040220.3,TR,TRAF,TRAF,SLTRAF_3
Solyc06g050860.3,TR,TRAF,TRAF,SLTRAF_4
Solyc07g065930.3,TR,TRAF,TRAF,SLTRAF_5
Solyc01g007750.3,TR,mTERF,mTERF,SLmTERF_1
